ID_Aluno,Nome,Idade,Sexo,Peso_kg,Altura_m,Plano,Treino,Frequencia_Semanal,Ativo,Cidade,Satisfacao,Data_Inscricao
1,Thomas Turbando,30,Masculino,92.2,1.72,Mensal,Cardio,2,Sim,Belo Horizonte,6.0,2024-08-24
2,Lorena Pinto,48,Feminino,83.7,1.68,Mensal,Cardio,2,Sim,Belo Horizonte,1.0,2024-01-24
3,Alícia Albuquerque,28,Masculino,65.7,1.68,Mensal,Cardio,1,Não,Rio de Janeiro,9.0,2023-07-30
4,Rebeca Almeida,23,Masculino,54.6,,Anual,Crossfit,3,Sim,Rio de Janeiro,10.0,2025-05-08
5,Cecilia Leão,39,Masculino,55.6,1.88,,Musculação,3,Não,Brasília,9.0,2024-07-30
6,Maya Novaes,45,Masculino,84.0,1.84,,Funcional,6,Não,Rio de Janeiro,9.0,2023-06-07
7,José Freitas,20,Feminino,68.3,1.79,Trimestral,Musculação,4,Não,Curitiba,,2024-07-01
8,Olivia Camargo,20,Masculino,59.4,1.57,Mensal,Musculação,1,Não,Brasília,2.0,2023-10-21
9,Augusto Rodrigues,57,Masculino,58.2,1.79,,Musculação,5,Não,Santos,1.0,2023-04-28
10,Lucas Gabriel Leão,48,Masculino,83.8,1.67,,Musculação,3,Sim,Belo Horizonte,2.0,2023-12-25
11,Maria Flor Rodrigues,45,Masculino,80.6,1.9,Mensal,Musculação,3,Não,São Paulo,4.0,2025-04-24
12,Eloah da Cunha,58,Feminino,,1.68,,Funcional,6,Sim,São Paulo,4.0,2024-11-24
13,Thiago Silva,31,Feminino,75.7,1.8,,Crossfit,5,Sim,Belo Horizonte,3.0,2024-11-22
14,Felipe Correia,28,Masculino,50.3,1.71,Anual,Yoga,3,Não,São Paulo,8.0,2023-01-12
15,Marcelo Silva,60,Feminino,50.0,1.79,,Cardio,6,Não,São Paulo,8.0,2025-06-14
16,Luiz Fernando Freitas,33,Feminino,52.1,1.86,,Yoga,3,Não,Santos,7.0,2024-04-22
17,Luana da Rocha,31,Masculino,78.6,1.62,Mensal,Crossfit,5,Não,Belo Horizonte,1.0,2023-01-29
18,Joaquim Câmara,18,Masculino,91.5,1.88,Mensal,Crossfit,5,Não,Campinas,,2023-04-02
19,Gabrielly Fogaça,28,Feminino,81.7,1.87,Trimestral,Funcional,5,Sim,Santos,10.0,2025-09-24
20,Lara Montenegro,42,Masculino,72.0,1.61,,Musculação,5,Não,Santos,4.0,2022-10-31
21,Vitor Guerra,53,Feminino,71.7,1.74,,Crossfit,5,Sim,Rio de Janeiro,,2025-01-25
22,Maria Julia Brito,34,Masculino,74.4,1.73,Anual,Yoga,3,Não,Campinas,7.0,2022-11-11
23,Nina Jesus,31,Feminino,73.5,1.75,Mensal,Cardio,2,Não,São Paulo,3.0,2025-02-22
24,Sarah Brito,25,Masculino,,1.64,Mensal,Cardio,1,Sim,Belo Horizonte,4.0,2023-05-12
25,Enzo Pimenta,21,Feminino,,1.74,Anual,Musculação,1,Não,São Paulo,5.0,2024-08-06
26,Paulo Cardoso,20,Masculino,83.1,1.83,,Cardio,6,Sim,Belo Horizonte,8.0,2023-08-21
27,Thiago Machado,22,Masculino,98.5,1.63,,Musculação,2,Não,São Paulo,6.0,2024-09-07
28,Aylla Mendonça,57,Masculino,91.8,1.76,Mensal,Crossfit,6,Não,Santos,9.0,2023-04-15
29,Pedro Lucas Gomes,35,Feminino,75.3,,Anual,Musculação,4,Não,Campinas,2.0,2024-03-29
30,Eloah Rodrigues,41,Feminino,83.7,1.89,,Musculação,5,Sim,Campinas,3.0,2025-03-18
31,Olívia Aparecida,44,Feminino,74.1,1.87,,Cardio,6,Sim,Rio de Janeiro,9.0,2022-10-16
32,Natália Brito,49,Feminino,78.7,1.69,,Crossfit,5,Sim,São Paulo,1.0,2024-12-22
33,Thiago Jesus,58,Masculino,86.6,1.69,,Musculação,4,Não,Brasília,9.0,2023-10-15
34,Bruno Moraes,53,Feminino,77.7,1.8,Anual,Musculação,1,Sim,Brasília,5.0,2025-01-10
35,Ana Lívia Gomes,29,Feminino,63.6,1.83,,Funcional,3,Não,Brasília,7.0,2022-11-30
36,Enzo Teixeira,30,Masculino,51.5,,Anual,Musculação,6,Não,Belo Horizonte,7.0,2024-11-07
37,Ísis Barros,42,Masculino,,1.88,Trimestral,Funcional,6,Não,Brasília,3.0,2023-02-07
38,Olivia Barros,46,Masculino,78.7,1.77,Mensal,Funcional,6,Não,São Paulo,8.0,2023-09-07
39,Valentina Mendonça,46,Feminino,92.4,1.72,Anual,Yoga,3,Sim,Curitiba,2.0,2025-04-02
40,Leonardo Melo,45,Masculino,75.2,1.66,,Musculação,4,Sim,Curitiba,,2023-06-08
41,Benício Leão,57,Feminino,90.1,1.59,Trimestral,Crossfit,6,Sim,São Paulo,,2022-12-17
42,Luigi Lopes,47,Masculino,63.4,1.69,Trimestral,Musculação,1,Não,São Paulo,5.0,2025-10-05
43,Daniel Borges,58,Masculino,66.9,1.69,Trimestral,Cardio,1,Sim,Curitiba,6.0,2022-12-18
44,Diego Aparecida,38,Masculino,67.1,1.68,Trimestral,Funcional,3,Sim,Rio de Janeiro,3.0,2022-11-20
45,Maria Vitória Vargas,44,Feminino,55.9,1.75,Mensal,Musculação,3,Sim,Belo Horizonte,2.0,2024-11-20
46,Brenda Cavalcanti,27,Masculino,77.3,1.57,Trimestral,Cardio,6,Não,Rio de Janeiro,8.0,2024-12-25
47,Ester Nogueira,27,Masculino,86.4,1.61,Mensal,Musculação,3,Sim,Brasília,7.0,2023-05-12
48,Thomas Sousa,21,Feminino,74.1,1.62,Anual,Musculação,6,Sim,Belo Horizonte,10.0,2024-01-21
49,Maria Clara Guerra,54,Masculino,62.3,,Anual,Yoga,1,Não,São Paulo,2.0,2025-02-13
50,Ágatha da Luz,34,Feminino,69.3,1.68,Trimestral,Yoga,1,Não,Curitiba,6.0,2023-10-14
51,Eloá Mendes,28,Feminino,74.4,1.68,Mensal,Funcional,1,Não,Curitiba,1.0,2024-12-22
52,Maria Laura Sá,44,Feminino,81.9,1.83,Trimestral,Funcional,5,Sim,Curitiba,5.0,2022-10-27
53,Beatriz Cirino,33,Feminino,84.0,1.68,Anual,Musculação,5,Não,Curitiba,4.0,2024-02-29
54,Rhavi Freitas,56,Feminino,90.1,1.79,,Cardio,4,Sim,Brasília,2.0,2023-03-13
55,João Guilherme Casa Grande,23,Feminino,73.7,1.68,Anual,Yoga,1,Sim,São Paulo,8.0,2024-11-24
56,Vicente Marques,47,Masculino,86.1,1.84,Mensal,Cardio,4,Sim,Rio de Janeiro,10.0,2024-01-04
57,Heloisa Caldeira,23,Masculino,92.6,1.73,Trimestral,Musculação,5,Não,Brasília,1.0,2025-03-04
58,Heloisa Vasconcelos,49,Feminino,83.4,1.64,Mensal,Funcional,4,Não,Brasília,10.0,2023-04-12
59,Bruno Garcia,54,Masculino,92.8,1.88,,Crossfit,6,Não,Campinas,6.0,2024-07-02
60,Davi Aragão,32,Feminino,58.0,,Mensal,Cardio,5,Não,Belo Horizonte,7.0,2023-06-21
61,Maya Silveira,56,Masculino,50.4,1.84,Mensal,Crossfit,4,Sim,Rio de Janeiro,,2024-04-01
62,Luiz Henrique Pinto,38,Feminino,67.8,1.69,Anual,Crossfit,4,Sim,Santos,4.0,2023-07-04
63,Davi Luiz Ferreira,21,Masculino,77.8,1.61,Anual,Funcional,3,Sim,Brasília,3.0,2024-12-03
64,Ravi Lucca da Rosa,53,Masculino,67.2,1.63,Trimestral,Funcional,5,Não,São Paulo,4.0,2023-11-26
65,Ísis Pereira,30,Masculino,54.8,1.69,,Cardio,2,Não,Santos,5.0,2023-08-22
66,Elisa Ramos,57,Masculino,55.1,1.87,Trimestral,Musculação,3,Não,Belo Horizonte,1.0,2024-02-17
67,Valentim Lopes,22,Feminino,,1.72,Trimestral,Musculação,6,Não,Belo Horizonte,8.0,2023-06-26
68,André Pimenta,39,Masculino,80.2,1.68,Trimestral,Cardio,2,Não,Rio de Janeiro,6.0,2025-07-10
69,Yuri Nascimento,33,Masculino,98.6,1.89,Anual,Musculação,6,Sim,Rio de Janeiro,8.0,2024-12-19
70,Lucas Mendonça,31,Masculino,63.1,1.79,Anual,Musculação,1,Não,Campinas,6.0,2025-08-18
71,Henry Rodrigues,52,Masculino,92.1,1.56,,Funcional,3,Sim,Belo Horizonte,4.0,2024-11-05
72,Maria Luiza Rodrigues,39,Masculino,63.2,1.55,Trimestral,Yoga,5,Não,Brasília,,2025-09-07
73,Yago das Neves,56,Feminino,77.2,1.61,Trimestral,Funcional,3,Não,Curitiba,7.0,2024-09-07
74,Brayan Pinto,51,Masculino,83.6,1.67,Trimestral,Musculação,1,Não,Rio de Janeiro,,2023-07-26
75,Davi Lucas Lopes,57,Feminino,50.1,,Anual,Cardio,6,Sim,Santos,7.0,2024-05-03
76,Ana Vitória Peixoto,38,Feminino,88.2,1.69,,Cardio,4,Não,Rio de Janeiro,6.0,2023-09-30
77,Lucas Silveira,29,Masculino,53.2,1.8,Anual,Musculação,2,Sim,Brasília,7.0,2025-01-05
78,Gael Henrique Teixeira,21,Masculino,91.9,1.68,Mensal,Musculação,2,Sim,São Paulo,4.0,2024-12-20
79,Amanda Barbosa,59,Feminino,75.2,1.67,,Funcional,2,Sim,Curitiba,9.0,2023-08-05
80,Antonella Pires,38,Masculino,69.4,,Anual,Cardio,6,Sim,Rio de Janeiro,5.0,2025-02-09
81,Rael Marques,57,Feminino,80.8,1.67,Anual,Cardio,4,Não,Campinas,4.0,2024-01-24
82,Eloah da Conceição,43,Feminino,80.5,1.78,Anual,Musculação,6,Não,Brasília,2.0,2023-10-11
83,João Miguel Farias,52,Masculino,99.0,1.78,Trimestral,Cardio,3,Não,Rio de Janeiro,9.0,2025-04-28
84,Benjamin Alves,25,Feminino,,,Trimestral,Cardio,3,Não,Brasília,9.0,2024-10-28
85,Lavínia Mendes,38,Feminino,58.7,1.86,Trimestral,Yoga,5,Sim,Belo Horizonte,7.0,2024-01-10
86,Samuel Machado,59,Feminino,88.9,1.79,,Cardio,1,Sim,Brasília,5.0,2023-07-12
87,Fernando Abreu,31,Masculino,72.3,1.77,Mensal,Musculação,3,Não,Brasília,10.0,2023-10-06
88,Manuela da Cunha,44,Feminino,97.5,1.57,Anual,Crossfit,2,Não,Rio de Janeiro,6.0,2023-10-12
89,Zoe Correia,46,Masculino,51.9,,Mensal,Crossfit,3,Não,Belo Horizonte,10.0,2025-02-16
90,Anthony Gabriel da Mata,36,Feminino,56.4,1.85,Trimestral,Funcional,5,Sim,São Paulo,9.0,2024-06-23
91,Emanuella Pereira,50,Masculino,88.8,1.73,Trimestral,Musculação,3,Não,Rio de Janeiro,,2024-12-30
92,Amanda Siqueira,25,Feminino,73.3,,Mensal,Funcional,2,Não,Campinas,4.0,2024-01-24
93,Ravi Lucca da Costa,28,Masculino,56.1,1.81,,Cardio,2,Sim,Rio de Janeiro,10.0,2023-12-16
94,Bryan da Rocha,36,Feminino,80.3,1.78,Mensal,Crossfit,1,Sim,Curitiba,1.0,2024-06-28
95,Larissa Rezende,57,Masculino,71.5,1.75,Mensal,Yoga,3,Sim,São Paulo,9.0,2024-02-21
96,Thales Correia,18,Masculino,97.9,1.87,Anual,Musculação,3,Sim,Brasília,5.0,2024-04-09
97,Ana Sophia Montenegro,34,Masculino,73.6,1.59,Mensal,Funcional,5,Sim,Santos,7.0,2025-05-05
98,Joaquim Fonseca,43,Feminino,79.8,1.64,Trimestral,Cardio,6,Sim,Belo Horizonte,,2023-08-15
99,Marcelo Araújo,21,Masculino,92.3,1.64,Mensal,Musculação,4,Não,Curitiba,5.0,2025-07-10
100,Juliana Sousa,26,Feminino,65.6,1.75,,Funcional,3,Sim,Santos,,2022-10-12
101,Ravi Azevedo,47,Feminino,70.4,1.71,,Musculação,4,Sim,Brasília,8.0,2023-10-10
102,Ana Luiza Sales,24,Masculino,,1.73,,Cardio,5,Sim,Campinas,9.0,2023-06-15
103,Vitória Costa,42,Masculino,57.6,1.77,Anual,Yoga,2,Sim,Rio de Janeiro,9.0,2023-03-23
104,Kaique da Cunha,20,Masculino,98.8,1.74,Mensal,Musculação,1,Não,Campinas,4.0,2022-11-06
105,Heloisa Carvalho,40,Masculino,55.6,1.63,Trimestral,Yoga,6,Não,Brasília,8.0,2023-11-12
106,Heloisa Silva,35,Feminino,75.1,1.68,Mensal,Funcional,3,Sim,Campinas,4.0,2024-07-18
107,Vitor Montenegro,49,Feminino,67.1,1.8,Trimestral,Musculação,6,Sim,Curitiba,6.0,2023-08-25
108,Isabel Ramos,37,Feminino,75.2,1.63,Mensal,Funcional,5,Sim,Curitiba,10.0,2024-10-10
109,Pedro Miguel Albuquerque,28,Feminino,78.3,1.87,,Yoga,6,Não,Campinas,3.0,2022-11-28
110,Leandro Machado,56,Feminino,82.3,1.6,Trimestral,Musculação,6,Não,Santos,1.0,2022-10-25
111,João Felipe Araújo,19,Feminino,97.5,1.56,,Cardio,5,Não,Belo Horizonte,7.0,2025-04-07
112,Júlia Viana,22,Feminino,51.7,,,Funcional,4,Sim,Rio de Janeiro,3.0,2023-04-05
113,Ana Clara Novaes,37,Feminino,,,Anual,Crossfit,3,Sim,Santos,2.0,2023-02-25
114,Gael Moreira,32,Masculino,90.7,1.75,Anual,Yoga,1,Sim,Belo Horizonte,6.0,2024-03-01
115,Gabriel Pires,34,Masculino,92.0,1.66,Trimestral,Funcional,3,Não,Brasília,6.0,2023-01-28
116,Theodoro Borges,32,Feminino,86.0,1.71,Anual,Funcional,1,Sim,Curitiba,1.0,2025-02-10
117,Juan Nogueira,51,Feminino,90.4,1.71,,Musculação,6,Não,Santos,1.0,2023-06-20
118,Heloísa Casa Grande,26,Masculino,71.1,1.64,Trimestral,Yoga,1,Não,Rio de Janeiro,9.0,2025-06-15
119,Raul Pimenta,25,Masculino,92.1,1.69,Trimestral,Cardio,4,Não,Belo Horizonte,3.0,2024-06-26
120,Thales Camargo,29,Masculino,57.7,1.86,Trimestral,Cardio,2,Sim,Santos,9.0,2025-01-02
